Código OTRI,Título del contrato,Tipo contrato,Tipo contrato,CIF,CNAE,Descripción CNAE,Nombre entidad,Caracter,Caracter,Ambito,Ambito,Id. Pers,Nombre completo,Id. Categoria,Categoria,Nombre Departamento,Titulares,,Importe sin IVA,Fecha de firma,Fecha de fin,Código contable,Fecha de cierre,Ubicación expediente,,,CNAE,Descripción CNAE
2016024012,Desarrollo de un sistema de monitorización integral de canales hidroeléctricos,I+D,Investigación y desarrollo,A31768138,3519,Producción de energía eléctrica de otros tipos,"ACCIONA ENERGÍA, S.A.",PRV,Privado,AUT, ,2130,"Loayssa Lara, Alayn",TU,Titular de Universidad,Ingeniería Eléctrica y Electrónica,"Loayssa Lara, Alayn(PRI - TU); Mariñelarena Ollacarizqueta, Jon(INV - UNI); Iribas Pardo, Haritz(INV - UNI); Urricelqui Polvorinos, Javier(COP - 196); Mompó Roselló, Juan José(INV - FPI)",,39335,24/02/2016,23/05/2017,3030007240,,\\tsclient\T\2016024012.pdf,,,,
2016024082,"Evolución en el tiempo del comportamiento energético de las huertas fotovoltaicas de Arguedas, Sesma, Rada, Castejón, Cintruenigo y Milagro",I+D,Investigación y desarrollo,A/31612070,3519,Producción de energía eléctrica de otros tipos,"ACCIONA SOLAR, S.A.",PRV,Privado,AUT, ,495,"Marroyo Palomo, Luis María",TU,Titular de Universidad,Ingeniería Eléctrica y Electrónica,"Marroyo Palomo, Luis María(PRI - TU); Marcos Alvarez, Javier(INV - PAD); Urtasun Erburu, Andoni(INV - PAD); De la Parra Laita, Iñigo(INV - AS3); Pascual Miqueleiz, Julio María(INV - AS2); Barrios Rípodas, Ernesto Luis(INV - PAD); García Solano, Miguel(INV - PD1); San Martín Biurrun, Idoia(INV - PAD)",,30758.62,01/08/2016,01/02/2017,3030007325,,\\tsclient\T\2016024082.pdf,,,,
2016012033,Evaluación Técnica Expte. 814.014.16,SER,Servicios,B82271313,6920,"Accounting, bookkeeping, auditing and tax consulting ",AGENCIA DE CERTIFICACIÓN EN INNOVACIÓN ESPAÑOLA (ACIE),PRV,Privado,EST, ,8571,"Salcedo Pérez, Daniel",PAD,Profesor Ayudante Doctor,"Ingeniería Mecánica, Energética y de Materiales","Salcedo Pérez, Daniel(PRI - PAD)",,1400,04/04/2016,11/04/2016,3030007278,27/10/2016,\\tsclient\T\2016012033.pdf,,,,
2016012041,Evaluación Técnica Expte. 814.013.16,SER,Servicios,B82271313,6920,"Accounting, bookkeeping, auditing and tax consulting ",AGENCIA DE CERTIFICACIÓN EN INNOVACIÓN ESPAÑOLA (ACIE),PRV,Privado,EST, ,8571,"Salcedo Pérez, Daniel",PAD,Profesor Ayudante Doctor,"Ingeniería Mecánica, Energética y de Materiales","Salcedo Pérez, Daniel(PRI - PAD)",,1250,19/04/2016,26/04/2016,3030007279,27/10/2016,\\tsclient\T\2016012041.pdf,,,,
2016021036,"Informe de evaluación sobre carácter innovador del proyecto AGIL PACKAGING SYSTEM, S.L. NUEVO SISTEMA DE EMBALAJES PARA ELECTRODOMÉSTICO VOLUMINOSO",ASE,Asesoría y consultoría,B71244842,2896,Fabricación de maquinaria para las industrias del plástico y del caucho,"Agil Packaging System, S.L.",PRV,Privado,AUT, ,432,"Alfaro López, José Ramón",TU,Titular de Universidad,Proyectos e Ingeniería Rural,"Alfaro López, José Ramón(PRI - TU)",,470,06/04/2016,12/04/2016,3030007251,13/02/2017,\\tsclient\T\2016021036.pdf,,2009_4669,4669,Comercio al por mayor de otra maquinaria y equipo
2016016010,Suministro de material biológivo,SER,Servicios,B41883315,7219,Otra investigación y desarrollo experimental en ciencias naturales y técnicas,"Agricultura y Ensayo, S.L.",PRV,Privado,EST, ,438,"Murillo Martínez, Jesús",CU,Catedrático de Universidad,Producción Agraria,"Murillo Martínez, Jesús(PRI - CU)",,124.2,30/01/2016,06/02/2016,3030007219,07/03/2016,\\tsclient\T\2016016010.pdf,,2009_7112,7112,Servicios técnicos de ingeniería y otras actividades relacionadas con el asesoramiento técnico
2016800008,Supply of biological materials,I+D,Investigación y desarrollo,FR79430221374,7112,Servicios técnicos de ingeniería y otras actividades relacionadas con el asesoramiento técnico,AGROLIS CONSULTING,PRV,Privado,UE, ,99998,"Vicerrector  , para IdAB",SC,Sin categoria,Instituto de Agrobiotecnología IdAB,"Caballero Murillo, Primitivo(PRI - CU); Vicerrector , para IdAB(PRI - SC)",,2321.84,21/01/2016,31/01/2016,3030007213,27/04/2016,\\tsclient\T\2016800008.pdf,,,,
2016016030,Seguimiento estadarizado de la evolución del cuajado y carga productiva en los frutales de hueso y pepita cultivados en el Valle Alto del Ebro,I+D,Investigación y desarrollo,A28637304,6622,Actividades de agentes y corredores de seguros,"AGROSEGURO, S.A.",PRV,Privado,EST, ,2255,"Miranda Jiménez, Carlos",TU,Titular de Universidad,Producción Agraria,"Miranda Jiménez, Carlos(PRI - TU); Santesteban García, Luis Gonzaga(INV - TU); Royo Díaz, José Bernardo(INV - TU)",,5000,16/03/2016,31/12/2016,3030007285,10/02/2017,\\tsclient\T\2016016030.pdf,,,,
2016016096,Análisis e informe sobre ausencia de frutos en albaricoqueros de Berdejo y caída de nectarinas en Belver,SER,Servicios,A28637304,6622,Actividades de agentes y corredores de seguros,"AGROSEGURO, S.A.",PRV,Privado,EST, ,32,"Royo Díaz, José Bernardo",TU,Titular de Universidad,Producción Agraria,"Royo Díaz, José Bernardo(PRI - TU)",,5354.37,16/08/2016,30/08/2016,3030007342,,\\tsclient\T\2016016096.pdf,,,,
2016016131,Condiciones climáticas del invierno 2015-2016 en Huelva y Sevilla,SER,Servicios,A28637304,6622,Actividades de agentes y corredores de seguros,"AGROSEGURO, S.A.",PRV,Privado,EST, ,32,"Royo Díaz, José Bernardo",TU,Titular de Universidad,Producción Agraria,"Royo Díaz, José Bernardo(PRI - TU)",,1750,08/11/2016,22/11/2016,3030007425,,\\tsclient\T\2016016131.pdf,,2009_8543,8543,Educación universitaria
2016016046,Evaluación del efecto de la aplicación de Calicitor 5@ sobre la producción y la calidad enológica de la uva en las variedades Tempranillo y Garnacha,I+D,Investigación y desarrollo,A22043301,2015,Fabricación de fertilizantes y compuestos nitrogenados,"AGROSTOCK, S.A.",PRV,Privado,EST, ,2332,"Santesteban García, Luis Gonzaga",TU,Titular de Universidad,Producción Agraria,"Miranda Jiménez, Carlos(INV - TU); Santesteban García, Luis Gonzaga(PRI - TU); Royo Díaz, José Bernardo(INV - TU)","Sagarna Uria, Ibai(AYP); Marín Ederra, Diana(AYP)",11300,29/04/2016,28/04/2017,3030007258,,\\tsclient\T\2016016046.pdf,,2009_7219,7219,Otra investigación y desarrollo experimental en ciencias naturales y técnicas
2016902143,Caracterización magnética Magnómetro Squid de 3 muestras,SER,Servicios,G31024706,7022,Otras actividades de consultoría de gestión empresarial,AIN - ASOCIACIÓN DE LA INDUSTRIA NAVARRA,PRV,Privado,AUT, ,99997,"Vicerrector , para InaMat",SC,Sin categoria,Instituto de investigación en materiales avanzados - Institute for advanced materiales InaMat,"Gómez Polo, Cristina(PRI - CU); Vicerrector , para InaMat(PRI - SC)",,517.25,23/11/2016,21/12/2016,3030007433,,\\tsclient\T\2016902143.pdf,,,,
2016800018,Producción de microtubérculos de dos variedades comerciales de patata,SER,Servicios,A01189364,4631,Comercio al por mayor de frutas y hortalizas,"Alavesa de Patatas, S.A.",PRV,Privado,EST, ,99998,"Vicerrector  , para IdAB",SC,Sin categoria,Instituto de Agrobiotecnología IdAB,"Larraya Reta, Luis María(INV - TU); Farrán Blanch, Inmaculada(INV - PD1); Veramendi Charola, Jon Mirena(PRI - TU); Vicerrector , para IdAB(PRI - SC)",,1400,25/02/2016,24/05/2016,3030007233,21/03/2017,\\tsclient\T\2016800018.pdf,,,,
2016012114,Ensayos térmicos de un dispositivo de refrigeración,SER,Servicios,B71292973,3516,Producción de energía eléctrica de origen térmico convencional,ALAZ-ARIMA,PRV,Privado,AUT, ,132,"Aguas Alcalde, Juan José",TEU,Titular de Escuela Universitaria,"Ingeniería Mecánica, Energética y de Materiales","Aguas Alcalde, Juan José(PRI - TEU); Urroz Unzueta, José Carlos(EQT - AS1); Diéguez Elizondo, Pedro María(EQT - TU); Gil Del Val, Alain(EQT - PD1)",,14828,19/10/2016,18/04/2017,3030007388,,\\tsclient\T\2016012114.pdf,,,,
2016016011,Análisis de diferencias en la dureza instrumental de pechugas de pollo,SER,Servicios,B31070584,1012,Procesado y conservación de volatería,"AN AVICOLA MELIDA, S.L.",PRV,Privado,AUT, ,5740,"Sarriés  Martínez, María Victoria",PD1,Profesor Contratado Doctor Tipo 1,Producción Agraria,"Beriáin Apesteguía, María José(INV - CU); Sarriés Martínez, María Victoria(PRI - PD1)",,517.2,01/02/2016,01/04/2016,3030007254,20/01/2017,\\tsclient\T\2016016011.pdf,,,,
2016003064,Realización de mediaciones que se deriven al Servicio de Mediación Penal de Pamplona prestado por ANAME,ASE,Asesoría y consultoría,G31876824,9499,Otras Actividades Asociativas,ANAME- Asociación Navarra de Mediación,PRV,Privado,AUT, ,8501,"Francés  Lecumberri, Paz",PAD,Profesor Ayudante Doctor,Derecho Público,"Francés Lecumberri, Paz(PRI - PAD)",,7140,01/04/2016,31/08/2017,3030007298,,\\tsclient\T\2016003064.pdf,,2009_8411,8411,Actividades generales de la Administración Pública
2016807153,Prorroga del contrato OTRI 2014807115  de asesoría y apoyo técnico sobre ''Desarrollo de sistemas de sensores e imagen en terahercios'' ,ASE,Asesoría y consultoría,B71052625,8030,Actividades de investigación,"ANTERAL, S.L.",PRV,Privado,AUT, ,9999,"Vicerrector  , de Investigación",SC,Sin categoria,CENTRO TIC,"Iriarte Galarregui, Juan Carlos(PRI - PD1); Vicerrector , de Investigación(PRI - SC)",,1581.18,13/12/2016,28/02/2017,3030007489,,\\tsclient\T\2016807153.pdf,,,,
2016800100,"Second Development Project: ''Co-Occlusion of the SpocNPV with 1 HearNPV or 2 ChinNPV or 3 HearNPV+ChinNPV, within the same occlusion body, to produce a mixed-OBs population to control both two or thre ",I+D,Investigación y desarrollo,27-0997959,7211,Investigación y desarrollo experimental en biotecnología,Arysta LifeScience Management Company,PRV,Privado,INE, ,99998,"Vicerrector  , para IdAB",SC,Sin categoria,Instituto de Agrobiotecnología IdAB,"Caballero Murillo, Primitivo(PRI - CU); Ibáñez Elosua, Itsaso(AYP - AYP); Maeztu Martínez, Mireya(COP - COP); Vicerrector , para IdAB(PRI - SC)",,100000,20/09/2016,19/09/2017,3030007360,,\\tsclient\T\2016800100.pdf,,2009_2059,2059,Fabricación de otros productos químicos n.c.o.p.
2016026078,Equi-Sastipen Salud y Comunidad Gitana 2016,ASE,Asesoría y consultoría,G33060039,9499,Otras Actividades Asociativas,Asociación  sociocultural de minorías étnicas gitanas UNGA,PRV,Privado,EST, ,3522,"Arza Porras, Javier",PAD,Profesor Ayudante Doctor,Trabajo Social,"Arza Porras, Javier(PRI - PAD)",,2066.12,01/06/2016,31/12/2016,3030007311,,\\tsclient\T\2016026078.pdf,,2009_3519,3519,Producción de energía eléctrica de otros tipos
2016016111,Gestión de los resultados de genotipado de novillas para producción de leche y desarrollo de un programa de producción integrada de leche de vaca,SER,Servicios,G20081055,9499,Otras Actividades Asociativas,ASOCIACIÓN GIFE,ALT,Otros,EST, ,231,"Mendizábal Aizpuru, José Antonio",TU,Titular de Universidad,Producción Agraria,"Alfonso Ruiz, Leopoldo(PRI - TU); Mendizábal Aizpuru, José Antonio(PRI - TU); Urrutia Vera, Olaia(AYP - AYP)",,15000,31/10/2016,30/07/2017,3030007393,,\\tsclient\T\2016016111.pdf,,2009_8543,8543,Educación universitaria
2016024086,ESA CONTRACT Compact High-Power Ka-Band Low-Pass Filters for Multibeam Satellite Payloads,I+D,Investigación y desarrollo,B97688741,7112,Servicios técnicos de ...,Aurora Software and Testing S.L.,PRV,Privado,EST, ,2553,"Gómez Laso, Miguel Ángel",TU,Titular de Universidad,Ingeniería Eléctrica y Electrónica,"Lopetegui Beregaña, José María(INV - TU); Gómez Laso, Miguel Ángel(PRI - TU); Benito Pertusa, David(INV - CU); Arnedo Gil, Israel(INV - PD1); Teberio Berdún, Fernando(INV - UNI); Gómez Torrent, Adrián(INV - FPU); Percaz Ciriza, Jon Mikel(INV - 196); Percaz Ciriza, Jon Mikel(INV - UNI); Arregui Padilla, Iván(INV - PAD)","Martínez de Morentín Suescun, Cristian(INV); Berenguer Verdu, Antonio Jose(INV)",50000,28/07/2016,30/04/2017,3030007357,,\\tsclient\T\2016024086.pdf,,2009_8411,8411,Actividades generales de la Administración Pública
2016021085,Desarrollo de un palet de plástico desmontable y modular,I+D,Investigación y desarrollo,B97560692,4619,Intermediarios del comercio de productos diversos,"Avantpack, S.L.",PRV,Privado,EST, ,432,"Alfaro López, José Ramón",TU,Titular de Universidad,Proyectos e Ingeniería Rural,"Gil Ruíz, Pilar(INV - TU); Alfaro López, José Ramón(PRI - TU); Calvo Herrero, Luis Miguel(INV - AS3)","Escribano Rodríguez, Estela(AYP)",17826,12/09/2016,09/02/2017,3030007356,23/02/2017,\\tsclient\T\2016021085.pdf,,2009_6201,6201,Actividades de programación informática
2016021071,"Evaluación del comportamiento en carga del palet desmontable de plástico tipo europeo de 1200x800, fabricado por Logicpalet",SER,Servicios,B97560692,4619,Intermediarios del comercio de productos diversos,"Avantpack, S.L.",PRV,Privado,EST, ,432,"Alfaro López, José Ramón",TU,Titular de Universidad,Proyectos e Ingeniería Rural,"Alfaro López, José Ramón(PRI - TU); Calvo Herrero, Luis Miguel(INV - AS1)",,490,13/06/2016,12/07/2016,3030007380,,\\tsclient\T\2016021071.pdf,,2009_1102,1102,Elaboración de vinos
2016024032,Fibra óptica hasta el hogar en el Valle de Aranguren,I+D,Investigación y desarrollo,P3102300E,8411,Actividades generales de la Administración Pública,Ayuntamiento de Aranguren,PUB,Público,AUT, ,2553,"Gómez Laso, Miguel Ángel",TU,Titular de Universidad,Ingeniería Eléctrica y Electrónica,"Lopetegui Beregaña, José María(INV - TU); Gómez Laso, Miguel Ángel(PRI - TU); Benito Pertusa, David(PRI - CU); Arnedo Gil, Israel(INV - PD1); Teberio Berdún, Fernando(INV - UNI); Gómez Torrent, Adrián(INV - FPU); Percaz Ciriza, Jon Mikel(INV - 196); Arregui Padilla, Iván(INV - AY)",,4500,12/05/2016,11/08/2016,3030007290,08/03/2017,\\tsclient\T\2016024032.pdf,,,,
2016026076,Realización de un estudio de la diversidad cultural y un plan de acción para fomentar la convivencia y la participación de la ciudadanía de Burlada ,ASE,Asesoría y consultoría,P3126600J,8411,Actividades generales de la Administración Pública,Ayuntamiento de Burlada,PUB,Público,AUT, ,8258,"Andueza Imirizaldu, Izaskun",SUS,Profesor Sustituto de la Docencia,Trabajo Social,"Jabat Torres, Edurne(PRI - AS3); Andueza Imirizaldu, Izaskun(PRI - SUS); Lasheras Ruiz, Rubén(PRI - AS3)",,24000,21/06/2016,20/06/2018,3030007306,,\\tsclient\T\2016026076.pdf,,0,0,NULL
2016009043,Asistencia técnica de elaboración de un informe pericial sobre vulneración de derechos humanos durante la guerra civil y la etapa franquista,ASE,Asesoría y consultoría,P3120100G,8411,Actividades generales de la Administración Pública,Ayuntamiento de Pamplona/Iruñako Udala,PUB,Público,LO, ,1723,"Majuelo Gil, Emilio",TU,Titular de Universidad,Geografía e Historia,"Majuelo Gil, Emilio(PRI - TU); Mendiola Gonzalo, Fernando(INV - PD1)","Piérola Narvarte, Gemma(COP)",12366.12,21/04/2016,01/09/2016,3030007247,16/03/2017,\\tsclient\T\2016009043Dpto.pdf,,,,
2016026031,Diagnóstico e Intervención Social Intercultural participada sobre Convivencia en Etxabakoiz,I+D,Investigación y desarrollo,P3120100G,8411,Actividades generales de la Administración Pública,Ayuntamiento de Pamplona/Iruñako Udala,PUB,Público,LO, ,8258,"Andueza Imirizaldu, Izaskun",SUS,Profesor Sustituto de la Docencia,Trabajo Social,"Andueza Imirizaldu, Izaskun(PRI - SUS); Lasheras Ruiz, Rubén(PRI - AS3); Lasheras Ruiz, Rubén(PRI - COP)",,5000,01/03/2016,31/12/2016,3030007280,,\\tsclient\T\2016026031.pdf,,2009_2896,2896,Fabricación de maquinaria para las industrias del plástico y del caucho
2016018055,Afrontando la violencia de género desde el ámbito policial. 1ª Edición.,FOR,Formación,P3120100G,8411,Actividades generales de la Administración Pública,Ayuntamiento de Pamplona/Iruñako Udala,PUB,Público,LO, ,7527,"Zuloaga  Lojo, Lohitzune",AS3,Asociado 3,Sociología,"Zuloaga Lojo, Lohitzune(PRI - AS3)",,2334.24,15/04/2016,11/05/2016,3030007283,03/11/2016,\\tsclient\T\2016018055.pdf,,,,
2016018056,Afrontando la violencia de género desde el ámbito policial. 2ª Edición,FOR,Formación,P3120100G,8411,Actividades generales de la Administración Pública,Ayuntamiento de Pamplona/Iruñako Udala,PUB,Público,LO, ,6920,"Jabat  Torres, Edurne",AS3,Asociado 3,Sociología,"Jabat Torres, Edurne(PRI - AS3)",,2334.24,15/04/2016,11/05/2016,3030007291,02/12/2016,\\tsclient\T\2016018056.pdf,,,,
2016026038,Elaboración de un diagnóstico y una planificación de propuestas integradas destinada a la revitalización socio-urbanística en el cuadrante más antiguo del barrio de San Jorge - Sanduzelai,I+D,Investigación y desarrollo,P3120100G,8411,Actividades generales de la Administración Pública,Ayuntamiento de Pamplona/Iruñako Udala,PUB,Público,LO, ,7263,"Jaúregui Virto, Alberto Javier",AS3,Asociado 3,Trabajo Social,"Jaúregui Virto, Alberto Javier(PRI - AS3)",,8500,13/06/2016,31/10/2016,3030007297,,\\tsclient\T\2016026038-Completo.pdf,,2009_1012,1012,Procesado y conservación de volatería
2016003050,Formación en Derecho de Acceso y Contratación Pública,FOR,Formación,P3120100G,8411,Actividades generales de la Administración Pública,Ayuntamiento de Pamplona/Iruñako Udala,PUB,Público,LO, ,414,"Razquin Lizarraga, Martín María",CU,Catedrático de Universidad,Derecho Público,"Razquin Lizarraga, Martín María(PRI - CU); Sarasíbar Iriarte, Miren(INV - PD1)",,5000,22/06/2016,07/10/2016,3030007309,,\\tsclient\T\2016003050.pdf,,,,
2016021019,Apoyo técnico en trabajos de ingeniería en el medio rural,ASE,Asesoría y consultoría,P3123600C,8411,Actividades generales de la Administración Pública,AYUNTAMIENTO DEL VALLE DE LA ULTZAMA,PUB,Público,AUT, ,2067,"Seco Meneses, Andrés",TU,Titular de Universidad,Proyectos e Ingeniería Rural,"Seco Meneses, Andrés(PRI - TU); Prieto Cobo, Eduardo(INV - TEU); García Santos, Rafael Rogelio(INV - TU); Ramírez Chasco, Francisco de Asís(INV - TU)","García Gracianteparaluceta, Beñat(INV)",3300,01/01/2016,31/12/2016,3030007282,,\\tsclient\T\2016021019.pdf,,2009_2829,2829,Fabricación de otra maquinaria de uso general n.c.o.p.
2016807007,Sistema de configuración de máquinas expendedoras - Fase 1,I+D,Investigación y desarrollo,A31065618,4669,Comercio al por mayor de otra maquinaria y equipo,"AZKOYEN, S.A.",PRV,Privado,AUT, ,9999,"Vicerrector  , de Investigación",SC,Sin categoria,CENTRO TIC,"Villadangos Alonso, Jesús(PRI - TU); Vicerrector , de Investigación(PRI - SC)",,12000,19/01/2016,18/03/2016,3030007215,28/07/2016,\\tsclient\T\2016807007.pdf,,,,
2016901119,Adaptación Button Barista a plataformas android 6.0,I+D,Investigación y desarrollo,A31065618,4669,Comercio al por mayor de otra maquinaria y equipo,"AZKOYEN, S.A.",PRV,Privado,AUT, ,99996,"Vicerrector , para ISC",SC,Sin categoria,Institute of Smart Cities ISC,"Villadangos Alonso, Jesús(PRI - TU); Astrain Escola, José Javier(INV - PD1); Ayape Lopez, Mikel(INV - COP); Vicerrector , para ISC(PRI - SC)",,3000,28/10/2016,31/12/2016,3030007438,08/03/2017,\\tsclient\T\2016901119.pdf,,,,
2016006094,Prórroga del contrato para el proyecto NICETRAILS,I+D,Investigación y desarrollo,45477793P,5829,Edición de otros programas informáticos,BERNAT CUNI SOLER (CUNICODE),PRV,Privado,EST, ,4340,"Ardaiz Villanueva, Oscar",PD1,Profesor Contratado Doctor Tipo 1,Ingeniería Matemática e Informática,"Ardaiz Villanueva, Oscar(PRI - PD1)","Ezcurdia Aguirre, Iñigo Fermín(INV)",3260,19/08/2016,28/02/2017,3030007339,,\\tsclient\T\2016006094.pdf,,,,
2016006116,TopoFab,I+D,Investigación y desarrollo,45477793P,5829,Edición de otros programas informáticos,BERNAT CUNI SOLER (CUNICODE),PRV,Privado,EST, ,4340,"Ardaiz Villanueva, Oscar",PD1,Profesor Contratado Doctor Tipo 1,Ingeniería Matemática e Informática,"Ardaiz Villanueva, Oscar(PRI - PD1); Ezcurdia Aguirre, Iñigo Fermín(AYP - AYP)",,25000,25/10/2016,24/10/2017,3030007389,,\\tsclient\T\2016006116.pdf,,,,
2016016027,Adecuación de nuevas técnicas vitícolas para mejorar la calidad enológica de la variedad Tempranillo en las condiciones de Navarra,I+D,Investigación y desarrollo,A31157340,1102,Elaboración de vinos,"BODEGAS OCHOA, S.A.",PRV,Privado,AUT, ,2332,"Santesteban García, Luis Gonzaga",TU,Titular de Universidad,Producción Agraria,"Miranda Jiménez, Carlos(INV - TU); Santesteban García, Luis Gonzaga(PRI - TU); Royo Díaz, José Bernardo(INV - TU)",,6000,15/03/2016,31/12/2016,3030007245,21/02/2017,\\tsclient\T\2016016027.pdf,,,,
2016018040,Asesoría técnica para proyectos de investigación en el ámbito del euskera,SER,Servicios,P3126685A,9499,Otras actividades asociativas n.c.o.p.,Bortzirietako Euskara Mankomunitatea,PUB,Público,AUT, ,1669,"Vilches Plaza, Carlos",PAD,Profesor Ayudante Doctor,Sociología,"Vilches Plaza, Carlos(PRI - PAD)",,100,08/04/2016,30/06/2016,3030007255,25/01/2017,\\tsclient\T\2016018040.pdf,,,,
2016002109,Segunda ampliación de ''Asesoramiento y puesta en marcha de programa de Ejercicio físico para personas mayores frágiles'',ASE,Asesoría y consultoría,G31014186,8731,Asistencia en establecimientos residenciales para personas mayores,Casa de Misericordia de Pamplona,PRV,Privado,LO, ,810013,"Izquierdo Redín, Miguel Eugenio",CU,Catedrático de Universidad,Ciencias de la Salud,"Izquierdo Redín, Miguel Eugenio(PRI - CU)",,3800,27/09/2016,26/05/2017,3030007354,,\\tsclient\T\2016002109.pdf,,,,
2016903067,GEM Navarra 2016/2015,ASE,Asesoría y consultoría,B71069876,7022,Otras actividades de consultoría de gestión empresarial,"CEIN-CENTRO EUROPEO DE EMPRESAS E INNOVACIÓN, S.L.",PUB,Público,AUT, ,99995,"Vicerrector , para INARBE",SC,Sin categoria,INARBE. Institute for Advanced Research in Business and Economics,"Larraza Quintana, Martín(PRI - TU); Contín Pilart, Ignacio(PRI - TU); Orcos Sánchez, Raquel(INV - PAD); Vicerrector , para INARBE(PRI - SC)",,6237.19,31/05/2016,30/09/2016,3030007302,,\\tsclient\T\2016903067.pdf,,,,
2016800121,Bioinsecticidas ''a la carta'' basados en Bacillus thuringiensis BIOPEST - anualidad 2016,I+D,Investigación y desarrollo,G31679889,7219,Otra investigación y desarrollo experimental en ciencias naturales y técnicas,CENER-Fundación CENER-CIEMAT,PRV,Privado,AUT, ,99998,"Vicerrector  , para IdAB",SC,Sin categoria,Instituto de Agrobiotecnología IdAB,"Caballero Murillo, Primitivo(PRI - CU); Murillo Martínez, Jesús(INV - CU); Caballero Sánchez, Javier(INV - UNI); Vicerrector , para IdAB(PRI - SC)",,15000,31/10/2016,31/12/2016,3030007422,,\\tsclient\T\2016800121.pdf,,2009_7219,7219,Otra investigación y desarrollo experimental en ciencias naturales y técnicas
2016012141,ESTUDIO COMPUTACIONAL Y DISEÑO DE UN PROTOTIPO DE RECUPERADOR DE CALOR ACTIVO CON TERMOELECTRICIDAD PARA SER INCORPORADO EN LAS VIVIENDAS PASSIVHAUS,I+D,Investigación y desarrollo,G31679889,7219,Otra investigación y desarrollo experimental en ciencias naturales y técnicas,CENER-Fundación CENER-CIEMAT,PRV,Privado,AUT, ,1879,"Astrain Ulibarrena, David",TU,Titular de Universidad,"Ingeniería Mecánica, Energética y de Materiales","Astrain Ulibarrena, David(PRI - TU); Pérez Artieda, Miren Gurutze(INV - PD1); Rodríguez García, Antonio(INV - PD1); Aranguren Garacochea, Patricia(INV - PAD); Araiz Vega, Miguel(INV - FPI); Martínez Echeverri, Álvaro(INV - PAD)",,16950,01/11/2016,28/02/2017,3030007426,,\\tsclient\T\2016012141.pdf,,,,
2016001132,Curso de formación: Algoritmos genéticos y bioinspirados,FOR,Formación,G31679889,7219,Otra investigación y desarrollo experimental en ciencias naturales y técnicas,CENER-Fundación CENER-CIEMAT,PRV,Privado,AUT, ,278,"Bustince Sola, Humberto",CU,Catedrático de Universidad,Automática y Computación,"Bustince Sola, Humberto(PRI - CU); Sanz Delgado, José Antonio(INV - PAD); Galar Idoate, Mikel(INV - PAD)",,4500,24/11/2016,31/01/2017,3030007450,,\\tsclient\T\2016001132.pdf,,,,
2016018053,Gaztetxoen euskararekiko jarrerak eta motibazioak ezagutzea eta horiek ulertu eta eraldatzeko prozesua zehaztea Gazteen motibazioari buruzko ikerketa,ASE,Asesoría y consultoría,S3199323A,8559,Otra educación n.c.o.p.,CENTRO DE RECURSOS PARA LA ENSEÑANZA DEL EUSKERA-EIBZ ,PUB,Público,AUT, ,1669,"Vilches Plaza, Carlos",PAD,Profesor Ayudante Doctor,Sociología,"Vilches Plaza, Carlos(PRI - PAD)",,1360,13/05/2016,12/11/2016,3030007288,,\\tsclient\T\2016018053.pdf,,0,0,NULL
2016007049,Asesoramiento en la utilización del autoclave,ASE,Asesoría y consultoría,G31096928,7219,Otra investigación y desarrollo experimental en ciencias naturales y técnicas,Centro Nacional de Tecnología y Seguridad Alimentaria (CNTA),PRV,Privado,AUT, ,2070,"Maté Caballero, Juan Ignacio",CU,Catedrático de Universidad,Tecnología de Alimentos,"Maté Caballero, Juan Ignacio(PRI - CU)",,350,06/05/2016,07/05/2016,3030007277,,\\tsclient\T\2016007049.pdf,,2009_8411,8411,Actividades generales de la Administración Pública
2016003020,Implementación de la Autorización Ambiental Integrada,ASE,Asesoría y consultoría,A31085632,4677,Comercio al por mayor de chatarra y productos de desecho,"CHATARRAS IRUÑA, S.A.",PRV,Privado,AUT, ,414,"Razquin Lizarraga, Martín María",CU,Catedrático de Universidad,Derecho Público,"Razquin Lizarraga, Martín María(PRI - CU)",,59400,01/05/2016,31/10/2017,3030007274,,\\tsclient\T\2016003020.pdf,,0,0,NULL
2016020029,Sexta renovación ''Regeneración de hábitats en ambientes esteparios'',I+D,Investigación y desarrollo,P3103967J,9499,Otras actividades asociativas n.c.o.p.,Comunidad de Bardenas Reales,PUB,Público,AUT, ,261,"Castillo Martínez, Federico José",CU,Catedrático de Universidad,Ciencias del Medio Natural,"Imbert Rodríguez, Juan Bosco(INV - PD1); Castillo Martínez, Federico José(PRI - CU); Peralta de Andrés, Francisco Javier(INV - AS3)",,9000,01/03/2016,28/02/2017,3030007253,,\\tsclient\T\2016020029.pdf,,,,
2016020054,"Cartografía de hábitats del Polígono de Tiro de Bardenas Reales, zona central",I+D,Investigación y desarrollo,P3103967J,9499,Otras Actividades Asociativas,Comunidad de Bardenas Reales,PUB,Público,AUT, ,528,"Peralta de Andrés, Francisco Javier",AS3,Asociado 3,Ciencias del Medio Natural,"Castillo Martínez, Federico José(INV - CU); Peralta de Andrés, Francisco Javier(PRI - AS3)",,7917.8,13/05/2016,28/02/2017,3030007332,,\\tsclient\T\2016020054.pdf,,0,0,NULL
2016028003,"Labores de Vicepresidencia Ejecutiva, Asesoría y Organización de Actividades del Consorcio Iberus",ASE,Asesoría y consultoría,Q5000950E,8543,Educación universitaria,Consorcio Campus Iberus,PUB,Público,EST, ,1,"Lafuente López, Julio Pedro",CU,Catedrático de Universidad,Matemáticas,"Lafuente López, Julio Pedro(PRI - CU)",,14122.32,01/01/2016,31/12/2016,3030007226,,\\tsclient\T\2016028003.pdf,,,,
2016016060,Evaluación de la utilidad de sondas de humedad para la mejora de la gestión del agua en el cultivo de maíz,SER,Servicios,F31016140,4621,"Comercio al por mayor de cereales, tabaco en rama, simientes y alimentos para animales",COOPERATIVA AGRÍCOLA CAJA RURAL DE ARTAJONA,PRV,Privado,AUT, ,2064,"Arregui Odériz, Luis Miguel",PD1,Profesor Contratado Doctor Tipo 1,Producción Agraria,"Arregui Odériz, Luis Miguel(PRI - PD1); Campo Bescós, Miguel Ángel(INV - PAD)",,3440,23/05/2016,22/05/2017,3030007317,,\\tsclient\T\2016016060.pdf,,2009_2829,2829,Fabricación de otra maquinaria de uso general n.c.o.p.
2016021026,Renovación Apoyo y servicios técnicos en trabajos relacionados con las máquinas y las herramientas agrícolas y sus componentes.,ASE,Asesoría y consultoría,A20414850,7010,Actividades de las sedes centrales ,Corporación Patricio Echeverria S.A.,PRV,Privado,EST, ,347,"Jarén Ceballos, María del Carmen",TU,Titular de Universidad,Proyectos e Ingeniería Rural,"Mangado Ederra, Jesús María(PAS - AS3); Mangado Ederra, Jesús María(PAS - PAS); Arazuri Garín, Silvia(INV - TU); Jarén Ceballos, María del Carmen(PRI - TU); Arnal Atarés, Pedro(INV - MH); López Maestresalas, Ainara(INV - UNI)",,0,19/02/2016,18/02/2017,3030007271,,\\tsclient\T\2016021026.pdf,,,,
2016021025,Asesoramiento técnico en nuevas líneas de negocio: automatización del riego,ASE,Asesoría y consultoría,A20414850,7010,Actividades de las sedes centrales ...,Corporación Patricio Echeverria S.A.,PRV,Privado,EST, ,3584,"Campo Bescós, Miguel Ángel",PAD,Profesor Ayudante Doctor,Proyectos e Ingeniería Rural,"Campo Bescós, Miguel Ángel(PRI - PAD)",,4281.91,20/02/2016,20/02/2017,3030007273,,\\tsclient\T\2016021025.pdf,,2009_8411,8411,Actividades generales de la Administración Pública
2016024129,Desarrollo de la plataforma de localización,I+D,Investigación y desarrollo,B31549256,6201,Actividades de programación informática,"CyC (Consultoría y Comunicaciones del País Vasco, S.L.)",PRV,Privado,EST, ,2774,"Falcone Lanas, Francisco Javier",TU,Titular de Universidad,Ingeniería Eléctrica y Electrónica,"Falcone Lanas, Francisco Javier(PRI - TU)",,17241.38,08/11/2016,07/11/2018,3030007415,,\\tsclient\T\2016024129.pdf,,0,0,NULL
2016024022,Soporte en el desarrolo de un cabezal de lectura magnética de banda ancha IV,I+D,Investigación y desarrollo,B71092696,2059,Fabricación de otros productos químicos n.c.o.p.,"DAS-NANO, S.L.",PRV,Privado,LO, ,7673,"Arnedo Gil, Israel",PD1,Profesor Contratado Doctor Tipo 1,Ingeniería Eléctrica y Electrónica,"Lopetegui Beregaña, José María(PRI - TU); Gómez Laso, Miguel Ángel(PRI - TU); Arnedo Gil, Israel(PRI - PD1); Teberio Berdún, Fernando(INV - UNI); Arregui Padilla, Iván(PRI - AY)",,9000,01/01/2016,15/06/2016,3030007239,,\\tsclient\T\2016024022.pdf,,2009_4631,4631,Comercio al por mayor de frutas y hortalizas
2016024135,IMPLEMENTACIÓN DE UN SISTEMA PARA EL CÁLCULO EN TIEMPO REAL DE LA ABSORCIÓN DE DIFERENTES SUSTANCIAS EN EL RANGO DE LAS MICROONDAS,I+D,Investigación y desarrollo,B71092696,2059,Fabricación de otros productos químicos n.c.o.p.,"DAS-NANO, S.L.",PRV,Privado,LO, ,7673,"Arnedo Gil, Israel",PD1,Profesor Contratado Doctor Tipo 1,Ingeniería Eléctrica y Electrónica,"Lopetegui Beregaña, José María(PRI - TU); Gómez Laso, Miguel Ángel(PRI - TU); Arnedo Gil, Israel(PRI - PD1); Teberio Berdún, Fernando(INV - UNI); Gómez Torrent, Adrián(INV - FPU); Percaz Ciriza, Jon Mikel(INV - 196); Percaz Ciriza, Jon Mikel(INV - UNI); Arregui Padilla, Iván(INV - PAD)",,33753,01/11/2016,30/04/2018,3030007418,,\\tsclient\T\2016024135.pdf,,2009_7112,7112,Servicios técnicos de ingeniería y otras actividades relacionadas con el asesoramiento técnico
2015902152,Desarrollos en el campo de la espectroscopía láser,I+D,Investigación y desarrollo,B75107649,7490," Otras actividades profesionales, científicas y técnicas n.c.o.p.",Deneb Medical,PRV,Privado,EST, ,400,"Aguilera Andoaga, José Antonio",TU,Titular de Universidad,Física,"Aguilera Andoaga, José Antonio(PRI - TU); Aragón Garbizu, Carlos(PRI - TU)",,36782,01/01/2016,31/12/2016,3030007208,,\\tsclient\T\2015902152.pdf,,2009_8543,8543,Educación universitaria
2016022015,Seminario ''Museos y públicos. Dilemas y experiencia''.,FOR,Formación,S3100015A,8411,Actividades generales de la Administración Pública,Dirección General de Cultura-Institución Príncipe de Viana,PUB,Público,LO, ,4707,"Arriaga Azkarate, Amaia",PD1,Profesor Contratado Doctor Tipo 1,Psicología y Pedagogía,"Arriaga Azkarate, Amaia(PRI - PD1); Aguirre Arriaga, Manuel(PRI - TU)",,2322,15/02/2016,30/04/2016,3030007235,20/10/2016,\\tsclient\T\2016022015.pdf,,0,0,NULL
2016901069,Promoción STEM,ASE,Asesoría y consultoría,S7124926B,8411,Actividades generales de la Administración Pública,Dirección General de Política Económica y Empresarial y Trabajo,PUB,Público,AUT, ,99996,"Vicerrector , para ISC",SC,Sin categoria,Institute of Smart Cities ISC,"Matías Maestro, Ignacio Raúl(INV - CU); Ederra Urzainqui, Iñigo(INV - TU); Falcone Lanas, Francisco Javier(INV - TU); Díaz Lucas, Silvia(PRI - PD1); Liceaga Elizalde, Ambrosio María(INV - COP); Socorro Leránoz, Abián Bentor(INV - PUN); Vicerrector , para ISC(PRI - SC)",,6000,14/06/2016,13/12/2016,3030007307,,\\tsclient\T\2016901069.pdf,,,,
2016901072,Difusión científica,ASE,Asesoría y consultoría,S7124926B,8411,Actividades generales de la Administración Pública,Dirección General de Política Económica y Empresarial y Trabajo,PUB,Público,AUT, ,99996,"Vicerrector , para ISC",SC,Sin categoria,Institute of Smart Cities ISC,"Falcone Lanas, Francisco Javier(PRI - TU); Vicerrector , para ISC(PRI - SC)",,6000,14/06/2016,13/12/2016,3030007308,,\\tsclient\T\2016901072.pdf,,,,
2016017006,Evaluación del Proyecto ''Desarrollo de nuevo material de aluminio'',SER,Servicios,B85906006,7022,Otras actividades de consultoría de gestión empresarial,DNV GL Business Assurance España S.L.U.,PRV,Privado,EST, ,1806,"Gil Bravo, Antonio",CU,Catedrático de Universidad,Química Aplicada,"Gil Bravo, Antonio(PRI - CU)",,750,27/01/2016,26/02/2016,3030007224,05/09/2016,\\tsclient\T\2016017006.pdf,,2009_5829,5829,Edición de otros programas informáticos
2016901138,Evaluación Técnica del Proyecto ANTATSOTM1 Nueva gama de terminales para comunicaciones tierra/mar - aire,SER,Servicios,B85906006,7022,Otras actividades de consultoría de gestión empresarial,DNV GL Business Assurance España S.L.U.,PRV,Privado,EST, ,99996,"Vicerrector , para ISC",SC,Sin categoria,Institute of Smart Cities ISC,"Gonzalo García, Ramón(PRI - CU); Vicerrector , para ISC(PRI - SC)",,750,15/11/2016,30/11/2016,3030007417,,\\tsclient\T\2016901138.pdf,,,,
2016020124,"Estudio de prospectiva, análisis y propuesta de participación y colaboración de la Administración Foral de Navarra con las redes, plataformas e iniciativas de Ciencia Ciudadana",ASE,Asesoría y consultoría,S3100010B,8411,Actividades generales de la Administración Pública,"Dpto. de Desarrollo Rural, Medio Ambiente y Administración Local - Gobierno de Navarra",PUB,Público,AUT, ,528,"Peralta de Andrés, Francisco Javier",AS3,Asociado 3,Ciencias del Medio Natural,"González García, Esther María(INV - TU); Imbert Rodríguez, Juan Bosco(INV - PD1); Peralta de Andrés, Francisco Javier(PRI - AS3)",,5994.25,02/11/2016,30/12/2016,3030007420,,\\tsclient\T\2016020124.pdf,,2009_7022,7022,Otras actividades de consultoría de gestión empresarial
2016012051,Asistencia para el desarrollo y caracterización de materiales poliméricos porosos y su comportamiento tribológico,I+D,Investigación y desarrollo,A31233786,2433,Producción de perfiles en frío por conformación con plegado,"Eisenor, S.A.",PRV,Privado,AUT, ,810483,"Zalakain Iriazabal, Iñaki",PAD,Profesor Ayudante Doctor,"Ingeniería Mecánica, Energética y de Materiales","Rodríguez Trías, Rafael José(PRI - TU); Zalakain Iriazabal, Iñaki(PRI - PAD)",,5940,21/06/2016,20/11/2016,3030007316,,\\tsclient\T\2016012051.pdf,,,,
2016026151,formación a profesionales sobre cuestiones éticas en la intervención social,FOR,Formación,B31347081,8812,Actividades de servicios sociales sin alojamiento para personas con .,"Elkarkide, S.L.",PRV,Privado,AUT, ,810180,"Idareta Goldaracena, Francisco",PAD,Profesor Ayudante Doctor,Trabajo Social,"Úriz Pemán, María Jesús(PRI - TU); Idareta Goldaracena, Francisco(PRI - PAD)",,1890,04/10/2016,31/12/2016,3030007460,,\\tsclient\T\2016026151.pdf,,2009_8411,8411,Actividades generales de la Administración Pública
2016008017,Appointment as Editor of ''Journal of Alloys and Compounds'',ASE,Asesoría y consultoría,NL005033019B01,5819,Otras actividades editoriales,ELSEVIER B.V.,PRV,Privado,UE, ,1783,"Gómez Polo, Cristina",CU,Catedrático de Universidad,Física,"Gómez Polo, Cristina(PRI - CU)",,19166.66,01/03/2016,31/12/2017,3030007231,,\\tsclient\T\2016008017.pdf,,,,
2016024097,"Evaluación nº 28711, LGAI TECHNOLOGICAL CENTER, S.A.",SER,Servicios,G78373214,8299,Otras Actividades De Apoyo A Las Empresas N.c.o.p,ENAC- Entidad Nacional de Acreditación,PUB,Público,EST, ,2694,"Teniente Vallinas, Jorge",TU,Titular de Universidad,Ingeniería Eléctrica y Electrónica,"Teniente Vallinas, Jorge(PRI - TU)",,1597.9,30/08/2016,30/09/2016,3030007359,,\\tsclient\T\2016024097.pdf,,,,
2016007034,"Experto Técnico para DECCO IBÉRICA POST -COSECHA S.A.U. Proyecto 372738_372,739",SER,Servicios,B83882472,7490,"Otras actividades profesionales, científicas y técnicas n.c.o.p.","EQA Certificados I+D+I, S.L.U.",PRV,Privado,EST, ,2070,"Maté Caballero, Juan Ignacio",CU,Catedrático de Universidad,Tecnología de Alimentos,"Maté Caballero, Juan Ignacio(PRI - CU)",,1000,30/03/2016,29/04/2016,3030007248,27/02/2017,\\tsclient\T\2016007034.pdf,,,,
2016007044,Informe de evaluación del contenido y ejecución 2015 del proyecto ''DESARROLLO DE NOVEDOSOS  CÓCTELES MÁS NUTRITIVOS Y SALUDABLES'',SER,Servicios,B83882472,7490,"Otras actividades profesionales, científicas y técnicas n.c.o.p.","EQA Certificados I+D+I, S.L.U.",PRV,Privado,EST, ,8261,"Fernández Pan, Idoya",AS3,Asociado 3,Tecnología de Alimentos,"Fernández Pan, Idoya(PRI - AS3); Fernández Pan, Idoya(PRI - CD1)",,500,27/04/2016,07/05/2016,3030007252,09/12/2016,\\tsclient\T\2016007044.pdf,,0,0,NULL
2016007023,"Experto Técnico para INÉS ROSALES, S.A.U. Proyecto 410,846",SER,Servicios,B83882472,7490,"Otras actividades profesionales, científicas y técnicas n.c.o.p.","EQA Certificados I+D+I, S.L.U.",PRV,Privado,EST, ,2070,"Maté Caballero, Juan Ignacio",CU,Catedrático de Universidad,Tecnología de Alimentos,"Maté Caballero, Juan Ignacio(PRI - CU)",,750,27/04/2016,26/05/2016,3030007275,27/02/2017,\\tsclient\T\2016007023.pdf,,,,
2016007047,Evaluación Contenido y 1ª Ejecución del ejercicio 2015 del proyecto ''DESARROLLO DE NIUEVO PROCESO PARA TRATAMIENTO DE TOSTADO DE ALMENDRA,SER,Servicios,B83882472,7490,"Otras actividades profesionales, científicas y técnicas n.c.o.p.","EQA Certificados I+D+I, S.L.U.",PRV,Privado,EST, ,2070,"Maté Caballero, Juan Ignacio",CU,Catedrático de Universidad,Tecnología de Alimentos,"Maté Caballero, Juan Ignacio(PRI - CU)",,750,27/04/2016,27/05/2016,3030007284,27/02/2017,\\tsclient\T\2016007047.pdf,,2009_2433,2433,Producción de perfiles en frío por conformación con plegado
2016007103,"Evaluación, contenido y primera ejecución del ejercicio 2015, proyecto 463.328- ''Procesos de la almendra, estudio, influencia y mejora de sus propiedades''",SER,Servicios,B83882472,7490,"Otras actividades profesionales, científicas y técnicas n.c.o.p.","EQA Certificados I+D+I, S.L.U.",PRV,Privado,EST, ,2070,"Maté Caballero, Juan Ignacio",CU,Catedrático de Universidad,Tecnología de Alimentos,"Maté Caballero, Juan Ignacio(PRI - CU)",,750,22/09/2016,21/10/2016,3030007351,,\\tsclient\T\2016007103-DPTO.pdf,,2009_4621,4621,"Comercio al por mayor de cereales, tabaco en rama, simientes y alimentos para animales"
2016007113,460.033 - DESARROLLO DE NUEVA TECNOLOGÍA PARA LA ELABORACIÓN DE TORTAS DE ACEITE TRADICIONALES,SER,Servicios,B83882472,7490,"Otras actividades profesionales, científicas y técnicas n.c.o.p.","EQA Certificados I+D+I, S.L.U.",PRV,Privado,EST, ,2070,"Maté Caballero, Juan Ignacio",CU,Catedrático de Universidad,Tecnología de Alimentos,"Maté Caballero, Juan Ignacio(PRI - CU)",,430,25/10/2016,24/11/2016,3030007391,,\\tsclient\T\2016007113.pdf,,2009_6201,6201,Actividades de programación informática
2016007136,468.991 - NUEVO PROCESO Y FORMULADO DE FRUTOS SECOS CARAMELIZADOS,SER,Servicios,B83882472,7490,"Otras actividades profesionales, científicas y técnicas n.c.o.p.","EQA Certificados I+D+I, S.L.U.",PRV,Privado,EST, ,8261,"Fernández Pan, Idoya",AS3,Asociado 3,Tecnología de Alimentos,"Fernández Pan, Idoya(PRI - AS3); Fernández Pan, Idoya(PRI - CD1)",,750,14/11/2016,31/12/2016,3030007448,,\\tsclient\T\2016007136.pdf,,2009_4110,4110,Promoción inmobiliaria
2016024127,Fabrication and subsequent measurement of a Si resonator based on Photonic Crystal concepts.,I+D,Investigación y desarrollo,ZW-004/2004-412,7120,Ensayos y análisis técnicos,ESA/ESTEC-European Space Agency,PUB,Público,UE, ,2553,"Gómez Laso, Miguel Ángel",TU,Titular de Universidad,Ingeniería Eléctrica y Electrónica,"Lopetegui Beregaña, José María(INV - TU); Gómez Laso, Miguel Ángel(PRI - TU); Teniente Vallinas, Jorge(INV - TU); Arnedo Gil, Israel(INV - PD1); Teberio Berdún, Fernando(INV - UNI); Gómez Torrent, Adrián(INV - FPU); Percaz Ciriza, Jon Mikel(INV - 196); Percaz Ciriza, Jon Mikel(INV - UNI); Arregui Padilla, Iván(INV - PAD)",,11000,07/11/2016,28/02/2017,3030007413,,\\tsclient\T\2016024127.pdf,,,,
2015020158,Determinación de los inhibidores del nitrificación DMPP y DMPSA en suelo y planta,I+D,Investigación y desarrollo,B65452294,4776,"Comercio al por menor de flores, plantas, semillas, fertilizantes, animales de compañía y alimentos para los mismos en establecimientos especializados",EuroChem Agro Iberia S.L.,PRV,Privado,EST, ,3,"Aparicio Tejo, Pedro María",CU,Catedrático de Universidad,Ciencias del Medio Natural,"Aparicio Tejo, Pedro María(PRI - CU); Rodrigues Dos Santos, Janaina Maria(INV - 196)","Lasa Larrea, Berta(COP)",4500,11/01/2016,10/07/2016,3030007209,01/12/2016,\\tsclient\T\2015020158.pdf,,,,
2016016156,"Análisis anual de la información del libro genealógico, recomendaciones de reposición y apareamiento, y caracterización morfológica y productiva del pland e conservación de la raza Betizu",SER,Servicios,G71194625,9499,Otras Actividades Asociativas,Federación de Criadores de Betizu - Betizu-Hazleen Federakundea,PRV,Privado,AUT, ,1974,"Alfonso Ruiz, Leopoldo",TU,Titular de Universidad,Producción Agraria,"Alfonso Ruiz, Leopoldo(PRI - TU)",,1500,21/12/2016,20/12/2017,3030007458,,\\tsclient\T\2016016156.pdf,,,,
2016800130,Suministro material biológico octubre 2016,SER,Servicios,B90148362,7022,Otras actividades de consultoría de gestión empresarial ,Field Trials Services S.L.L.,PRV,Privado,EST, ,99998,"Vicerrector  , para IdAB",SC,Sin categoria,Instituto de Agrobiotecnología IdAB,"Caballero Murillo, Primitivo(PRI - CU); Vicerrector , para IdAB(PRI - SC)",,115,07/11/2016,08/11/2016,3030007411,,\\tsclient\T\2016800130Firmado.pdf,,,,
2016800150,Suministro de material biológico ,SER,Servicios,B90148362,7022,Otras actividades de consultoría de gestión empresarial ,Field Trials Services S.L.L.,PRV,Privado,EST, ,99998,"Vicerrector  , para IdAB",SC,Sin categoria,Instituto de Agrobiotecnología IdAB,"Caballero Murillo, Primitivo(PRI - CU); Vicerrector , para IdAB(PRI - SC)",,57.5,02/12/2016,04/12/2016,3030007447,,\\tsclient\T\2016800150.pdf,,,,
2016021068,Renovación del contrato de Apoyo y servicios técnicos en trabajos relacionados con sondas de humedad y gestión del riego,ASE,Asesoría y consultoría,B31626757,4631,Comercio al por mayor de frutas y hortalizas,FLORETTE AGRÍCOLA S.L.,PRV,Privado,AUT, ,3584,"Campo Bescós, Miguel Ángel",PAD,Profesor Ayudante Doctor,Proyectos e Ingeniería Rural,"Campo Bescós, Miguel Ángel(PRI - PAD)",,2170.12,01/01/2016,30/06/2016,3030007294,27/02/2017,\\tsclient\T\2016021068.pdf,,,,
2016807066,MEJORA DE PROCESOS DE GESTIÓN EN EL ÁMBITO DEL FÚTBOL FEDERADO EN NAVARRA,I+D,Investigación y desarrollo,Q3116662B,7022,Otras actividades de consultoría de gestión empresarial ,FNF-Federación Navarra de Fútbol,ALT,Otros,AUT, ,9999,"Vicerrector  , de Investigación",SC,Sin categoria,CENTRO TIC,"Villadangos Alonso, Jesús(PRI - TU); Córdoba Izaguirre, Alberto(INV - TU); Ayape Lopez, Mikel(COP - COP); Díaz Noain, Mikel(COP - AS2); Díaz Noain, Mikel(COP - COP); Vicerrector , de Investigación(PRI - SC)",,63855,06/05/2016,30/04/2017,3030007300,,\\tsclient\T\2016807066.pdf,,,,
2016012009,Tercera renovación ''Apoyo técnico en la realización de Ensayos de Corrosión Acelerados'',ASE,Asesoría y consultoría,G31704232,7219,Otra investigación y desarrollo experimental en ciencias naturales y técnicas,FUNDACIÓN CETENA (CEMITEC),PUB,Público,AUT, ,4623,"Berlanga Labari, Carlos",PD1,Profesor Contratado Doctor Tipo 1,"Ingeniería Mecánica, Energética y de Materiales","Berlanga Labari, Carlos(PRI - PD1); Rivero Fuente, Pedro José(INV - AS3); Rivero Fuente, Pedro José(INV - CD1)",,0,11/01/2016,10/01/2017,3030007228,,\\tsclient\T\2016012009.pdf,,,,
2016007117,Asesoramiento en la utilización de liofilizador,ASE,Asesoría y consultoría,G31704232,7219,Otra investigación y desarrollo experimental en ciencias naturales y técnicas,FUNDACIÓN CETENA (CEMITEC),PUB,Público,AUT, ,2070,"Maté Caballero, Juan Ignacio",CU,Catedrático de Universidad,Tecnología de Alimentos,"Maté Caballero, Juan Ignacio(PRI - CU); Fernández Pan, Idoya(INV - AS3); Fernández Pan, Idoya(INV - CD1)","Gomez Ochoa de alda, Juan jose(INV)",600,12/12/2016,31/12/2016,3030007456,,\\tsclient\T\2016007117.pdf,,,,
2016807014,FUVEX QPCA Evaluación de la pedregosidad de los suelos,I+D,Investigación y desarrollo,B71266035,8030,Actividades de investigación,FUVEX AGRO,PRV,Privado,AUT, ,9999,"Vicerrector  , de Investigación",SC,Sin categoria,CENTRO TIC,"Villadangos Alonso, Jesús(PRI - TU); Ayape Lopez, Mikel(COP - COP); Vicerrector , de Investigación(PRI - SC)",,6611.75,12/02/2016,31/12/2016,3030007229,08/03/2017,\\tsclient\T\2016807014.pdf,,0,0,NULL
2016001104,Prórroga de ''Estimación en línea de cargas para aerogeneradores de eje horizontal'',SER,Servicios,B31890205,2711,"Fabricación de motores, generadores y transformadores eléctricos","GAMESA INNOVATION AND TECHNOLOGY, S.L., UNIPERSONAL",PRV,Privado,EST, ,9152,"Elso Torralba, Jorge",PAD,Profesor Ayudante Doctor,Automática y Computación,"Elso Torralba, Jorge(PRI - PAD)",,4000,01/10/2016,31/12/2016,3030007390,,\\tsclient\T\2016001104.pdf,,2009_2829,2829,Fabricación de otra maquinaria de uso general n.c.o.p.
2016001095,Técnicas avanzadas de control de aerogeneradores,ASE,Asesoría y consultoría,B31890205,2711,"Fabricación de motores, generadores y transformadores eléctricos","GAMESA INNOVATION AND TECHNOLOGY, S.L., UNIPERSONAL",PRV,Privado,EST, ,9152,"Elso Torralba, Jorge",PAD,Profesor Ayudante Doctor,Automática y Computación,"Elso Torralba, Jorge(PRI - PAD)",,10900,01/10/2016,31/12/2016,3030007451,,\\tsclient\T\2016001095.pdf,,,,
2016026105,Diagnóstico educativo en Tafalla.,ASE,Asesoría y consultoría,G31676059,7219,Otra investigación y desarrollo experimental en ciencias naturales y técnicas,GAZ KALO,ALT,Otros,AUT, ,3522,"Arza Porras, Javier",PAD,Profesor Ayudante Doctor,Trabajo Social,"Arza Porras, Javier(PRI - PAD)",,1487.6,01/09/2016,31/12/2016,3030007386,,\\tsclient\T\2016026105.pdf,,,,
2016026106,Diseño Plan Estratégico,ASE,Asesoría y consultoría,G31676059,7219,Otra investigación y desarrollo experimental en ciencias naturales y técnicas,GAZ KALO,ALT,Otros,AUT, ,3522,"Arza Porras, Javier",PAD,Profesor Ayudante Doctor,Trabajo Social,"Arza Porras, Javier(PRI - PAD)",,1785.12,01/09/2016,31/12/2016,3030007387,,\\tsclient\T\2016026106.pdf,,,,
2016026144,12 horas de formación a profesionales sobre competencias interculturales en la intervención educativa y sociosanitariaq,FOR,Formación,G31676059,7219,Otra investigación y desarrollo experimental en ciencias naturales y técnicas,GAZ KALO,ALT,Otros,AUT, ,3522,"Arza Porras, Javier",PAD,Profesor Ayudante Doctor,Trabajo Social,"Arza Porras, Javier(PRI - PAD)",,1080,01/06/2016,31/12/2016,3030007434,,\\tsclient\T\2016026144.pdf,,,,
2016901107,"Sistema de fertilización inteligente para optimizar insumos en campo,  minimizar el impacto medioambiental y mejorar la calidad y seguridad alimentaria de espinaca congelada",I+D,Investigación y desarrollo,B18660324,1039,Otro procesado y conservación de frutas y hortalizas,"GELAGRI IBÉRICA, S.L.",PRV,Privado,AUT, ,99996,"Vicerrector , para ISC",SC,Sin categoria,Institute of Smart Cities ISC,"Villadangos Alonso, Jesús(PRI - TU); Córdoba Izaguirre, Alberto(INV - TU); Astrain Escola, José Javier(INV - PD1); Vicerrector , para ISC(PRI - SC)",,70000,27/09/2016,31/10/2018,3030007491,,\\tsclient\T\2016901107.pdf,,2009_2910,2910,Fabricación de vehículos de motor
2016018021,Primera fase del estudio de evaluación de la competencia en inglés,ASE,Asesoría y consultoría,S3100007H,8411,Actividades generales de la Administración Pública,Gobierno de Navarra - Departamento de Educación,PUB,Público,AUT, ,1609,"Díaz de Rada Igúzquiza, Vidal",TU,Titular de Universidad,Sociología,"Díaz de Rada Igúzquiza, Vidal(PRI - TU)",,2500,23/02/2016,30/06/2016,3030007238,12/01/2017,\\tsclient\T\2016018021.pdf,,,,
2016009093,Asistencia técnica para elaboración de una serie de informes y trabajos de investigación en materia de memoria histórica /Instituto Navarro de la Memoria,ASE,Asesoría y consultoría,S7124930D,8411,Actividades generales de la Administración Pública,"Gobierno de Navarra. Dpto. Relaciones Ciudadanas e Institucionales - DG Paz, Convivencia y Derechos Humanos",PUB,Público,AUT, ,1723,"Majuelo Gil, Emilio",TU,Titular de Universidad,Geografía e Historia,"Majuelo Gil, Emilio(PRI - TU); Mendiola Gonzalo, Fernando(INV - PD1); Yaniz Berrio, Edurne(COP - 196); Piérola Narvarte, Gemma(COP - COP)",,21996,01/09/2016,31/12/2016,3030007322,16/03/2017,\\tsclient\T\2016009093.pdf,,,,
2016024099,Sistemas de trasmisión de energía inalambricos,I+D,Investigación y desarrollo,A09276528,2910,Fabricación de vehículos de motor,"GRUPO ANTOLIN INGENIERÍA, S.A.",PRV,Privado,EST, ,2774,"Falcone Lanas, Francisco Javier",TU,Titular de Universidad,Ingeniería Eléctrica y Electrónica,"Falcone Lanas, Francisco Javier(PRI - TU)",,12000,15/09/2016,14/09/2017,3030007352,,\\tsclient\T\2016024099.pdf,,,,
2016007087,Seguimiento del contenido en potasio desde la uva en el campo hasta el vino final ,SER,Servicios,B20358768,2891,Fabricación de maquinaria para la industria metalúrgica,HANNA INSTRUMENTS S.L.,PRV,Privado,EST, ,2052,"Navarro Huidobro, Montserrat",TU,Titular de Universidad,Tecnología de Alimentos,"Navarro Huidobro, Montserrat(PRI - TU)",,200,28/07/2016,28/10/2016,3030007341,,\\tsclient\T\2016007087.pdf,,,,
2016006002,Curso AngularJS,FOR,Formación,B99344319,6202,Actividades de consultoría informática,Hiberus Tecnologías de la Información,PRV,Privado,EST, ,5978,"Alfaro Larragueta, Eduardo",AS2,Asociado 2,Ingeniería Matemática e Informática,"Alfaro Larragueta, Eduardo(PRI - AS2)",,2000,04/01/2016,03/02/2016,3030007206,20/10/2016,\\tsclient\T\2016006002.pdf,,,,
2016007108,Análisis de la calidad del hielo líquido,SER,Servicios,B71232052,3320,Instalación de máquinas y equipos industriales,Hielo Gel S.L.,PRV,Privado,AUT, ,1719,"Moure Gil, Aberlardo José",TU,Titular de Universidad,Tecnología de Alimentos,"Moure Gil, Aberlardo José(PRI - TU); Abril Requena, José(PRI - TEU)",,1500,26/09/2016,25/10/2016,3030007349,,\\tsclient\T\2016007108.pdf,,2009_8411,8411,Actividades generales de la Administración Pública
2016800077,Identificación de moléculas con actividad frente a un ectoparásito,I+D,Investigación y desarrollo,B55112056,7211,Investigación y desarrollo experimental en biotecnología,"HIPRA SCIENTIFIC, S.L.U.",PRV,Privado,EST, ,99998,"Vicerrector  , para IdAB",SC,Sin categoria,Instituto de Agrobiotecnología IdAB,"Caballero Murillo, Primitivo(PRI - CU); Vicerrector , para IdAB(PRI - SC)","Villanueva San Martín, Maite(CD1); Fernández González, Ana Beatriz(CD1)",139860.05,30/06/2016,15/11/2017,3030007337,,\\tsclient\T\2016800077.pdf,,2009_7112,7112,Servicios técnicos de ingeniería y otras actividades relacionadas con el asesoramiento técnico
2016012125,Realización de un ensayo de corrosión acelerados en 3 discos de frenos durante de 16h en la cámara de niebla salina,SER,Servicios,A-31006588,4532,Comercio al por menor de repuestos y accesorios de,Icer Brakes S.A.,PRV,Privado,AUT, ,4623,"Berlanga Labari, Carlos",PD1,Profesor Contratado Doctor Tipo 1,"Ingeniería Mecánica, Energética y de Materiales","Berlanga Labari, Carlos(PRI - PD1); Rivero Fuente, Pedro José(INV - PAD)",,60,02/11/2016,09/11/2016,3030007424,,\\tsclient\T\2016012125.pdf,,2009_8731,8731,Asistencia en establecimientos residenciales para personas mayores
2016012101,Realización de un ensayo de corrosión de niebla salina neutra de 3 pastillas de freno durante 13 semanas,SER,Servicios,A-31006588,4532,Comercio al por menor de repuestos y accesorios de,Icer Brakes S.A.,PRV,Privado,AUT, ,4623,"Berlanga Labari, Carlos",PD1,Profesor Contratado Doctor Tipo 1,"Ingeniería Mecánica, Energética y de Materiales","Berlanga Labari, Carlos(PRI - PD1); Rivero Fuente, Pedro José(INV - PAD)",,520,09/09/2016,09/12/2016,3030007455,,\\tsclient\T\2016012101.pdf,,,,
2016017057,Análisis de microestructura para diferentes muestras de aluminio,SER,Servicios,B50100338,2442,Producción de aluminio,IDALSA- Ibérica de Aleaciones Ligeras S.L.,PRV,Privado,EST, ,1806,"Gil Bravo, Antonio",CU,Catedrático de Universidad,Química Aplicada,"Gil Bravo, Antonio(PRI - CU)",,620,13/05/2016,26/05/2016,3030007286,,\\tsclient\T\2016017057.pdf,,,,
2016024004,Optimización de convertidores de potencia para aplicaciones offshore en baja tensión,I+D,Investigación y desarrollo,A95663852,7112,Servicios técnicos de ingeniería y otras actividades relacionadas con el asesoramiento técnico,"INGETEAM POWER TECHNOLOGY, S.A.",PRV,Privado,AUT, ,1768,"Gubía Villabona, Eugenio",PD1,Profesor Contratado Doctor Tipo 1,Ingeniería Eléctrica y Electrónica,"Gubía Villabona, Eugenio(PRI - PD1); Urtasun Erburu, Andoni(INV - PAD); De la Parra Laita, Iñigo(INV - AS3); Pascual Miqueleiz, Julio María(INV - AS2); Barrios Rípodas, Ernesto Luis(INV - PAD); Velasco Vitrián, David(INV - AYP); Samanes Pascual, Javier(INV - UNI)",,103500,07/03/2016,06/03/2019,3030007216,,\\tsclient\T\2016024004.pdf,,,,
2016024070,Modelización de parques eólicos conectados a redes débiles,I+D,Investigación y desarrollo,A95663852,7112,Servicios técnicos de ingeniería y otras actividades relacionadas con el asesoramiento técnico,"INGETEAM POWER TECHNOLOGY, S.A.",PRV,Privado,AUT, ,2590,"López Taberna, Jesús",PD1,Profesor Contratado Doctor Tipo 1,Ingeniería Eléctrica y Electrónica,"López Taberna, Jesús(PRI - PD1)",,82160,06/06/2016,05/06/2018,3030007295,,\\tsclient\T\2016024070.pdf,,,,
2016010149,Colaboración con INSPIRIA para perfilar la Estrategia formativa del Área económica ''Automoción y vehiculo verde'',SER,Servicios,B71170575,7022,Otras actividades de consultoría de gestión empresarial,INSPIRIA CONSULTING S.L.,PRV,Privado,AUT, ,8435,"Erro Garcés, Amaya",PAD,Profesor Ayudante Doctor,Gestión de Empresas,"Erro Garcés, Amaya(PRI - PAD)",,3442.15,01/12/2016,31/12/2016,3030007449,,\\tsclient\T\2016010149.pdf,,,,
2016026120,"Formación de formadores, a técnicos y técnicas municipales de prevención, en la aplicación del proyecto ''Prevenir en Familia'' 2016-2017 y elaboración de la guía didáctica",FOR,Formación,Q3150027E,8411,Actividades generales de la Administración Pública,Instituto de Salud Pública y Laboral de Navarra,PUB,Público,AUT, ,3522,"Arza Porras, Javier",PAD,Profesor Ayudante Doctor,Trabajo Social,"Arza Porras, Javier(PRI - PAD)",,1000,24/10/2016,07/11/2016,3030007410,,\\tsclient\T\2016026120.pdf,,2009_2711,2711,"Fabricación de motores, generadores y transformadores eléctricos"
2016020028,Control de calidad de los quesos acogidos a la D.O.R.,ASE,Asesoría y consultoría,A31864572,8411,Actividades generales de la Administración Pública,"Instituto Navarro de Tecnologías e Infraestructuras Agroalimentarias, S.A. (INTIA, S.A.)",PUB,Público,AUT, ,246,"Torre Hernández, Paloma",CU,Catedrático de Universidad,Ciencias del Medio Natural,"Torre Hernández, Paloma(PRI - CU)",,12550,26/02/2016,06/04/2017,3030007242,,\\tsclient\T\2016020028.pdf,,,,
2016016089,Realización de análisis de calidad de la carne de conejo producida en Navarra,SER,Servicios,A31864572,8411,Actividades generales de la Administración Pública,"Instituto Navarro de Tecnologías e Infraestructuras Agroalimentarias, S.A. (INTIA, S.A.)",PUB,Público,AUT, ,1974,"Alfonso Ruiz, Leopoldo",TU,Titular de Universidad,Producción Agraria,"Alfonso Ruiz, Leopoldo(PRI - TU); Sarriés Martínez, María Victoria(PRI - PD1)",,6782,01/09/2016,31/08/2017,3030007358,,\\tsclient\T\2016016089.pdf,,2009_6201,6201,Actividades de programación informática
2016015147,Curso de formación: Estadística Agronómica con RCommander.,FOR,Formación,A31864572,8411,Actividades generales de la Administración Pública,"Instituto Navarro de Tecnologías e Infraestructuras Agroalimentarias, S.A. (INTIA, S.A.)",PUB,Público,AUT, ,527,"Urmeneta Martín-Calero, Henar",PD1,Profesor Contratado Doctor Tipo 1,Estadística e Investigación Operativa,"Moler Cuiral, José Antonio(PRI - TU); Urmeneta Martín-Calero, Henar(PRI - PD1)",,2000,13/12/2016,31/12/2016,3030007452,,\\tsclient\T\2016015147.pdf,,,,
2016901001,Estudio iIntegración de baterías de flujo de cinc-bromo en microrredes eléctricas,I+D,Investigación y desarrollo,A31037468,2829,Fabricación de otra maquinaria de uso general n.c.o.p.,JOFEMAR. S.A.U.,PRV,Privado,AUT, ,99996,"Vicerrector , para ISC",SC,Sin categoria,Institute of Smart Cities ISC,"Sanchis Gúrpide, Pablo(PRI - TU); Ursúa Rubio, Alfredo(PRI - PD1); Vicerrector , para ISC(PRI - SC)",,32298.85,19/04/2016,18/07/2018,3030007257,,\\tsclient\T\2016901001.pdf,,2009_8411,8411,Actividades generales de la Administración Pública
2016800091,Study on DNA of Spodoptera sp,I+D,Investigación y desarrollo,NL003657061B01,7112,Servicios técnicos de ingeniería y otras actividades relacionadas con el asesoramiento técnico,Koppert B.V.,PRV,Privado,UE, ,99998,"Vicerrector  , para IdAB",SC,Sin categoria,Instituto de Agrobiotecnología IdAB,"Caballero Murillo, Primitivo(PRI - CU); Vicerrector , para IdAB(PRI - SC)",,23148.02,01/08/2016,31/10/2016,3030007338,,\\tsclient\T\2016800091.pdf,,,,
2016025039,Informe sobre la ejecución en España de una sentencia extranjera II,SER,Servicios,B85798338,6491,Arrendamiento financiero,"LUPICINIO RODRIGUEZ EUROPE, S.L.U.",PRV,Privado,EST, ,1976,"Iriarte Ángel, José Luis",CU,Catedrático de Universidad,Derecho Privado,"Iriarte Ángel, José Luis(PRI - CU)",,2000,18/04/2016,18/05/2016,3030007270,26/09/2016,\\tsclient\T\2016025039.pdf,,,,
2016025065,Informe sobre ejecución de una sentencia extranjera en España,ASE,Asesoría y consultoría,B85798338,6491,Arrendamiento financiero,"LUPICINIO RODRIGUEZ EUROPE, S.L.U.",PRV,Privado,EST, ,1976,"Iriarte Ángel, José Luis",CU,Catedrático de Universidad,Derecho Privado,"Iriarte Ángel, José Luis(PRI - CU)",,3000,18/04/2016,17/05/2016,3030007310,01/12/2016,\\tsclient\T\2016025065.pdf,,2009_6201,6201,Actividades de programación informática
2016025134,Informe sobre aplicación de normas restrictivas del comercio internacional XXV,ASE,Asesoría y consultoría,B85798338,6491,Arrendamiento financiero,"LUPICINIO RODRIGUEZ EUROPE, S.L.U.",PRV,Privado,EST, ,1976,"Iriarte Ángel, José Luis",CU,Catedrático de Universidad,Derecho Privado,"Iriarte Ángel, José Luis(PRI - CU)",,5000,11/11/2016,10/12/2016,3030007428,,\\tsclient\T\2016025134.pdf,,,,
2016025084,Informe sobre usufructo de acciones,SER,Servicios,14543423 V,6491,Arrendamiento financiero,Lupicinio Rodríguez Jiménez ,PRV,Privado,EST, ,1976,"Iriarte Ángel, José Luis",CU,Catedrático de Universidad,Derecho Privado,"Iriarte Ángel, José Luis(PRI - CU)",,4000,18/04/2016,17/05/2016,3030007355,10/02/2017,\\tsclient\T\2016025084.pdf,,2009_2059,2059,Fabricación de otros productos químicos n.c.o.p.
2016001035,Informe de evaluación para la convocatoria Netotec 2015 del CDTI,SER,Servicios,B71148506,6201,Actividades de programación informática,"MAHEI ENGINEERING,S.L.",PRV,Privado,LO, ,2199,"Magaña Lizarrondo, Eduardo",TU,Titular de Universidad,Automática y Computación,"Magaña Lizarrondo, Eduardo(PRI - TU)",,115,07/04/2016,13/04/2016,3030007243,26/08/2016,\\tsclient\T\2016001035.pdf,,0,0,NULL
2016025148,"Study on the electronic European Certificate of Succession, national registers of the European Certificate of Succession and wills, and their interconnection",ASE,Asesoría y consultoría,B95210878,8299,Otras actividades de apoyo a las empresas n.c.o.p.,MANAGING INNOVATION STRATEGIES S.L.L. (MAINSTRAT),PRV,Privado,EST, ,1976,"Iriarte Ángel, José Luis",CU,Catedrático de Universidad,Derecho Privado,"Iriarte Ángel, José Luis(PRI - CU)",,1550,01/12/2016,31/12/2016,3030007427,,\\tsclient\T\2016025148.pdf,,,,
2015024135,Pupil Center Detection,I+D,Investigación y desarrollo,FR63514957885,7220,Investigación y desarrollo experimental en ciencias sociales y humanidades,Matchic Labs,PRV,Privado,INT, ,2247,"Villanueva Larre, Arantzazu",PD1,Profesor Contratado Doctor Tipo 1,Ingeniería Eléctrica y Electrónica,"Villanueva Larre, Arantzazu(PRI - PD1); Cabeza Laguna, Rafael(PRI - TU)",,8070,18/01/2016,17/05/2016,3030007234,,\\tsclient\T\2015024135.pdf,,2009_7219,7219,Otra investigación y desarrollo experimental en ciencias naturales y técnicas
2016800045,Suministro de material biológico en febrero,SER,Servicios,B73183220,0161,Actividades de apoyo a la agricultura,"Métodos Servicios Agrícolas, S.L.",PRV,Privado,AUT, ,99998,"Vicerrector  , para IdAB",SC,Sin categoria,Instituto de Agrobiotecnología IdAB,"Caballero Murillo, Primitivo(PRI - CU); Vicerrector , para IdAB(PRI - SC)",,80,26/04/2016,25/05/2016,3030007345,25/01/2017,\\tsclient\T\2016800045.pdf,,,,
2016800079,Suministro de material biológico durante el mes de junio de 2016,SER,Servicios,B73183220,0161,Actividades de apoyo a la agricultura,"Métodos Servicios Agrícolas, S.L.",PRV,Privado,AUT, ,99998,"Vicerrector  , para IdAB",SC,Sin categoria,Instituto de Agrobiotecnología IdAB,"Caballero Murillo, Primitivo(PRI - CU); Vicerrector , para IdAB(PRI - SC)",,69,30/06/2016,29/07/2016,3030007346,25/01/2017,\\tsclient\T\2016800079.pdf,,,,
2016800118,Suministro de material biológico en el mes de septiembre,SER,Servicios,B73183220,0161,Actividades de apoyo a la agricultura,"Métodos Servicios Agrícolas, S.L.",PRV,Privado,AUT, ,99998,"Vicerrector  , para IdAB",SC,Sin categoria,Instituto de Agrobiotecnología IdAB,"Caballero Murillo, Primitivo(PRI - CU); Vicerrector , para IdAB(PRI - SC)",,44,01/09/2016,18/10/2016,3030007436,25/01/2017,\\tsclient\T\2016800118.pdf,,0,0,NULL
2016002128,Asesoramiento y apoyo científico-técnico para el desarrollo de evidencia científica en el proceso de rehabilitación en el campo de la medicina en el ámbito laboral 2016-2017,ASE,Asesoría y consultoría,G31033533,6512,Seguros distintos de los seguros de vida,MUTUA NAVARRA,PRV,Privado,AUT, ,810013,"Izquierdo Redín, Miguel Eugenio",CU,Catedrático de Universidad,Ciencias de la Salud,"Izquierdo Redín, Miguel Eugenio(PRI - CU)",,2000,01/12/2016,28/02/2017,3030007435,,\\tsclient\T\2016002128.pdf,,2009_7219,7219,Otra investigación y desarrollo experimental en ciencias naturales y técnicas
2016008083,Estudio de Ruido PSIS Parque Tecnológico UPNA - Ampliación Comercial Galaria,SER,Servicios,A31212483,4110,Promoción inmobiliaria,"NASUVINSA Navarra de Suelo y Vivienda, S.A.",PUB,Público,AUT, ,127,"Arana Burgui, Miguel",TU,Titular de Universidad,Física,"Arana Burgui, Miguel(PRI - TU); San Martín Murugarren, Ricardo Andrés(PRI - PD1)",,2925,26/06/2016,26/07/2016,3030007324,29/03/2017,\\tsclient\T\2016008083.pdf,,,,
2016001061,Sistemas de Análisis de Tráfico de Redes de Comunicación,I+D,Investigación y desarrollo,B85765220,6201,Actividades de programación informática,NAUDIT HIGH PERFORMANCE COMPUTING AND NETWORKING S.L.,PRV,Privado,EST, ,2199,"Magaña Lizarrondo, Eduardo",TU,Titular de Universidad,Automática y Computación,"Izal Azcárate, Mikel(PRI - TU); Morató Osés, Daniel(PRI - TU); Magaña Lizarrondo, Eduardo(PRI - TU)",,36000,01/05/2016,31/10/2016,3030007320,01/03/2017,\\tsclient\T\2016001061.pdf,,,,
2016807112,Renovación de ''Estrategias para la auditoría avanzada de conexiones TCP y sistemas de acceso a datos'',I+D,Investigación y desarrollo,B85765220,6201,Actividades de programación informática,NAUDIT HIGH PERFORMANCE COMPUTING AND NETWORKING S.L.,PRV,Privado,EST, ,9999,"Vicerrector  , de Investigación",SC,Sin categoria,CENTRO TIC,"Magaña Lizarrondo, Eduardo(PRI - TU); Vicerrector , de Investigación(PRI - SC)",,20294,01/12/2016,31/12/2018,3030007392,,\\tsclient\T\2016807112.pdf,,2009_7211,7211,Investigación y desarrollo experimental en biotecnología
2016901058,Estimación del tempo musical variable on-line para el desplazamiento de la partitura en un Tablet,I+D,Investigación y desarrollo,B71134837,5829,Edición de otros programas informáticos,NewMusicNow,PRV,Privado,AUT, ,99996,"Vicerrector , para ISC",SC,Sin categoria,Institute of Smart Cities ISC,"Matías Maestro, Ignacio Raúl(INV - CU); Zivanovic Jeremic, Miroslav(PRI - PD1); Vicerrector , para ISC(PRI - SC)",,5872,24/05/2016,23/11/2016,3030007301,,\\tsclient\T\2016901058.pdf,,2009_7022,7022,Otras actividades de consultoría de gestión empresarial
2016800063,Análisis de cepas de Bt utilizando tecnología Illumina NGS,I+D,Investigación y desarrollo,A30013791,2020,Fabricación de pesticidas y otros productos agroquímicos ,"Probelte, S.A.",PRV,Privado,EST, ,99998,"Vicerrector  , para IdAB",SC,Sin categoria,Instituto de Agrobiotecnología IdAB,"Caballero Murillo, Primitivo(PRI - CU); Vicerrector , para IdAB(PRI - SC)",,26350,28/06/2016,27/10/2016,3030007305,,\\tsclient\T\2016800063.pdf,,,,
2016003075,Revisión del pliego administrativo de la licitación del contrato de suministro e instalación para la renovación del alumbrado público en el municipio de Orduña,SER,Servicios,B95640561,4121,Construcción de edificios,"Rehabilitación Energética, S.L.",PRV,Privado,EST, ,414,"Razquin Lizarraga, Martín María",CU,Catedrático de Universidad,Derecho Público,"Razquin Lizarraga, Martín María(PRI - CU)",,700,01/06/2016,30/06/2016,3030007299,16/01/2017,\\tsclient\T\2016003075.pdf,,2009_6512,6512,Seguros distintos de los seguros de vida
2016901154,Análisis del comportamiento energético de la planta fotovoltaica de SOLANDES,I+D,Investigación y desarrollo,FR521230888,3519,Producción de energía eléctrica de otros tipos,SAS SOLANDES,PRV,Privado,INT, ,99996,"Vicerrector , para ISC",SC,Sin categoria,Institute of Smart Cities ISC,"Marroyo Palomo, Luis María(PRI - TU); Marcos Alvarez, Javier(INV - PAD); Urtasun Erburu, Andoni(INV - PAD); De la Parra Laita, Iñigo(INV - PAD); Pascual Miqueleiz, Julio María(INV - AS2); Barrios Rípodas, Ernesto Luis(INV - PAD); García Solano, Miguel(INV - PD1); Vicerrector , para ISC(PRI - SC)",,17241.38,01/11/2016,31/12/2016,3030007454,,\\tsclient\T\2016901154.pdf,,,,
2016016098,Desarrollo de modelos predictivos incorporables a la plataforma de gestión vitícola,I+D,Investigación y desarrollo,A33011826,7219,Otra investigación y desarrollo experimental en ciencias naturales y técnicas,Seresco,PRV,Privado,EST, ,2332,"Santesteban García, Luis Gonzaga",TU,Titular de Universidad,Producción Agraria,"Miranda Jiménez, Carlos(INV - TU); Santesteban García, Luis Gonzaga(PRI - TU); Royo Díaz, José Bernardo(INV - TU)",,45000,01/10/2016,30/09/2019,3030007437,,\\tsclient\T\2016016098.pdf,,,,
2016000115,Acuerdo marco de colaboración entre la Universidad Pública de Navarra y SGS International Certification Services Ibérica S.A.,ACU,Acuerdo marco,A80773434,7120,Ensayos y análisis técnicos,SGS ICS IBÉRICA S.A.,PRV,Privado,EST, ,999,"Sin Director  , o Avalador",SC,Sin categoria,Universidad Pública de Navarra,"Sin Director , o Avalador(PRI - SC)",,0,10/11/2016,09/11/2019, ,,\\tsclient\T\2016000115.pdf,,2009_4669,4669,Comercio al por mayor de otra maquinaria y equipo
2016006126,Asistencia técnica para evaluar el proyecto ''SISTEBUZON'',ASE,Asesoría y consultoría,A80773434,7120,Ensayos y análisis técnicos,SGS ICS IBÉRICA S.A.,PRV,Privado,EST, ,2330,"Astrain Escola, José Javier",PD1,Profesor Contratado Doctor Tipo 1,Ingeniería Matemática e Informática,"Astrain Escola, José Javier(PRI - PD1)",,430,29/11/2016,28/12/2016,3030007453,,\\tsclient\T\2016006126.pdf,,,,
2016024142,Caracterización del Comportamiento de Materiales y Optimización del Proceso de Calentamiento por Microondas,I+D,Investigación y desarrollo,B31971252,7211,Investigación y desarrollo experimental en biotecnología,TAFCO Metawireless S.L.,PRV,Privado,AUT, ,2774,"Falcone Lanas, Francisco Javier",TU,Titular de Universidad,Ingeniería Eléctrica y Electrónica,"López Martín, Antonio Jesús(INV - CU); Falcone Lanas, Francisco Javier(PRI - TU); Beruete Díaz, Miguel(INV - RYC)",,25000,23/11/2016,22/11/2018,3030007429,,\\tsclient\T\2016024142.pdf,,,,
2016024037,"Anaysis of glitch-behaviour of high-power low-pass filter, proposal of design changes to ensure robust glitch-free response",I+D,Investigación y desarrollo,DE813306694,7219,Otra investigación y desarrollo experimental en ciencias naturales y técnicas,Tesat-Spacecom GmbH & Co. KG,PRV,Privado,INT, ,2553,"Gómez Laso, Miguel Ángel",TU,Titular de Universidad,Ingeniería Eléctrica y Electrónica,"Lopetegui Beregaña, José María(INV - TU); Gómez Laso, Miguel Ángel(PRI - TU); Arnedo Gil, Israel(INV - PD1); Teberio Berdún, Fernando(INV - UNI); Gómez Torrent, Adrián(INV - FPU); Percaz Ciriza, Jon Mikel(INV - 196); Arregui Padilla, Iván(INV - AY)","Berenguer Verdu, Antonio Jose(COP)",30000,13/04/2016,12/04/2017,3030007249,,\\tsclient\T\2016024037.pdf,,,,
2016024102,Funcionamiento de redes de sensores inalámbricos,ASE,Asesoría y consultoría,B31763899,7112,Servicios técnicos de ingeniería y otras actividades relacionadas con el asesoramiento técnico,TESICNOR,PRV,Privado,AUT, ,2774,"Falcone Lanas, Francisco Javier",TU,Titular de Universidad,Ingeniería Eléctrica y Electrónica,"Falcone Lanas, Francisco Javier(PRI - TU)",,4000,21/09/2016,20/03/2017,3030007361,,\\tsclient\T\2016024102.pdf,,2009_7219,7219,Otra investigación y desarrollo experimental en ciencias naturales y técnicas
2015024155,Design Techniques for Low-Cost Filters with Reduced Sensitivy to Fabrication Tolerances at High Frequencies Q/V/W Bands,I+D,Investigación y desarrollo,A78989670,3320,Instalación de máquinas y equipos industriales,Thales Alenia Space España S.A.,PRV,Privado,EST, ,2553,"Gómez Laso, Miguel Ángel",TU,Titular de Universidad,Ingeniería Eléctrica y Electrónica,"Lopetegui Beregaña, José María(INV - TU); Gómez Laso, Miguel Ángel(PRI - TU); Arnedo Gil, Israel(INV - PD1); Teberio Berdún, Fernando(INV - UNI); Gómez Torrent, Adrián(INV - FPU); Percaz Ciriza, Jon Mikel(INV - 196); Arregui Padilla, Iván(INV - AY)","Martínez de Morentín Suescun, Cristian(COP)",10000,04/02/2016,03/02/2019,3030007225,,\\tsclient\T\2015024155.pdf,,2009_2711,2711,"Fabricación de motores, generadores y transformadores eléctricos"
2016903024,"Organization and implementation of the course ''Economic Evaluation of Health, Safety, and Environmental Programmes''",FOR,Formación, ,8543,Educación universitaria,THE SCHOOL OF PUBLIC AND ENVIRONMENTAL AFFAIRS OF INDIANA UNIVERSITY BLOOMINGTON (SPEA),PUB,Público,INE, ,99995,"Vicerrector , para INARBE",SC,Sin categoria,INARBE. Institute for Advanced Research in Business and Economics,"García Prado, Ariadna María(PRI - PD1); Cabasés Hita, Juan Manuel(INV - CU); Vicerrector , para INARBE(PRI - SC)",,16837.65,12/05/2016,02/06/2016,3030007272,15/09/2016,\\tsclient\T\2016903024.pdf,,2009_8411,8411,Actividades generales de la Administración Pública
2016903088,Evaluación externa de Posgrados del Area Administración,ASE,Asesoría y consultoría, ,8543,Educación universitaria,Universidad de la República de Uruguay,PUB,Público,INE, ,99995,"Vicerrector , para INARBE",SC,Sin categoria,INARBE. Institute for Advanced Research in Business and Economics,"Bello Pintado, Alejandro(PRI - TU); Vicerrector , para INARBE(PRI - SC)",,8744.58,22/08/2016,15/09/2016,3030007340,03/03/2017,\\tsclient\T\2016903088.pdf,,,,
2016024137,Análisis electromagnético de onda completa de una antena reflectora de 40cm en banda Ka,SER,Servicios,Q8650002B,8543,Educación universitaria,Universidad de Vigo,PUB,Público,EST, ,497,"Del Río Bocio, Carlos",TU,Titular de Universidad,Ingeniería Eléctrica y Electrónica,"Del Río Bocio, Carlos(PRI - TU)",,8000,15/11/2016,21/11/2016,3030007421,,\\tsclient\T\2016024137.pdf,,,,
2016013013,Dirección de Trabajos de Fin de Grado en los estudios de Magisterio Primaria,FOR,Formación,A26430439,8543,Educación universitaria,"Universidad Internacional de La Rioja, S.A. (UNIR)",PRV,Privado,EST, ,24,"Hernández Pérez, Patricio",CU,Catedrático de Universidad,Filología y Didáctica de la Lengua,"Hernández Pérez, Patricio(PRI - CU); Rodriguez Ortega, Davinia(PRI - PUN)",,3263.66,15/02/2016,29/07/2016,3030007241,09/12/2016,\\tsclient\T\2016013013.pdf,,,,
2016013048,Dirección de TFM en Máster Universitario en Formación de Profesorado,FOR,Formación,A26430439,8543,Educación universitaria,"Universidad Internacional de La Rioja, S.A. (UNIR)",PRV,Privado,EST, ,24,"Hernández Pérez, Patricio",CU,Catedrático de Universidad,Filología y Didáctica de la Lengua,"Hernández Pérez, Patricio(PRI - CU); Rodriguez Ortega, Davinia(PRI - PUN)",,964.13,09/05/2016,22/07/2016,3030007296,15/12/2016,\\tsclient\T\2016013048.pdf,,2009_7219,7219,Otra investigación y desarrollo experimental en ciencias naturales y técnicas
2016016042,Tercera Renovación Elaboración estudio de la influencia del estado nutricional...,I+D,Investigación y desarrollo,B01367465,121, Cultivo de la vid .,"Viñedos Barón de Ley, S.L.",PRV,Privado,EST, ,2332,"Santesteban García, Luis Gonzaga",TU,Titular de Universidad,Producción Agraria,"Miranda Jiménez, Carlos(INV - TU); Santesteban García, Luis Gonzaga(PRI - TU); Royo Díaz, José Bernardo(INV - TU)","Marín Ederra, Diana(AYP)",11500,18/04/2016,17/12/2016,3030007276,20/03/2017,\\tsclient\T\2016016042.pdf,,,,
2016016090,Desarrollo de procedimiento de caracterización objetiva del viñedo,I+D,Investigación y desarrollo,B71173595,121, Cultivo de la vid .,Viticultura Viva S.L.,PRV,Privado,AUT, ,2332,"Santesteban García, Luis Gonzaga",TU,Titular de Universidad,Producción Agraria,"Santesteban García, Luis Gonzaga(PRI - TU)",,8000,02/08/2016,20/10/2016,3030007329,22/11/2016,\\tsclient\T\2016016090.pdf,,0,0,NULL
2016902059,Ensayo de medición de radiación UV a 185 nm,SER,Servicios,B31637580,2829,Fabricación de otra maquinaria de uso general n.c.o.p.,"WASSERLAB - Navarra de Tratamiento del Agua, S.L.",PRV,Privado,AUT, ,99997,"Vicerrector , para InaMat",SC,Sin categoria,Instituto de investigación en materiales avanzados - Institute for advanced materiales InaMat,"Aguilera Andoaga, José Antonio(PRI - TU); Aragón Garbizu, Carlos(INV - TU); Vicerrector , para InaMat(PRI - SC)",,92,25/05/2016,08/06/2016,3030007287,10/11/2016,\\tsclient\T\2016902059.pdf,,2009_8030,8030,Actividades de investigación
2016902092,Ensayo de mediación de radiación UV a 185nm,SER,Servicios,B31637580,2829,Fabricación de otra maquinaria de uso general n.c.o.p.,"WASSERLAB - Navarra de Tratamiento del Agua, S.L.",PRV,Privado,AUT, ,99997,"Vicerrector , para InaMat",SC,Sin categoria,Instituto de investigación en materiales avanzados - Institute for advanced materiales InaMat,"Aguilera Andoaga, José Antonio(PRI - TU); Vicerrector , para InaMat(PRI - SC)",,92,26/08/2016,09/09/2016,3030007344,,\\tsclient\T\2016902092.pdf,,2009_1039,1039,Otro procesado y conservación de frutas y hortalizas
